rank,page,category,mentioned,share,share delta
1,techradar.com/best/the-best-crm-for-startups,Earned Media,Not Mentioned,4.77,0.93
2,crm.org/crmland/best-crm-for-startups,Other,Not Mentioned,3.94,0.92
3,capsulecrm.com/blog/best-crm-for-founders/,Other,Not Mentioned,3.48,2.25
4,reddit.com/r/CRM/comments/1ncf59q/whats_the_best_crm_for_an_early_stage/,Social,Not Mentioned,2.79,0.87
5,boringbusinessnerd.com/post/best-crms-for-startups,Earned Media,Not Mentioned,2.47,0.17
6,forbes.com/advisor/business/software/best-crm-software/,Earned Media,Not Mentioned,2.22,0.76
7,forbes.com/advisor/business/software/best-crm-small-business/,Earned Media,Not Mentioned,2.2,0.09
8,uschamber.com/co/start/strategy/low-cost-crm-tools,Other,Not Mentioned,2.06,0.22
9,pcmag.com/picks/the-best-small-business-crm-software,Earned Media,Not Mentioned,2.04,0
10,blog.salesflare.com/best-crm-for-startups,Other,Not Mentioned,1.71,-0.39
11,zendesk.com/sell/crm/startups/,Other,Not Mentioned,1.58,0.28
12,clearcrm.com/crm-roles/best-crm-for-business-owner-founder-2025/,Other,Not Mentioned,1.21,0.29
13,hubspot.com/products/crm/startups,Competition,Not Mentioned,1.07,0.19
14,clarify.ai/blog/top-7-crms-for-founders-in-2026,Competition,Not Mentioned,1.06,1.06
15,checkcharm.com/best/crm-for-founders/,Earned Media,Not Mentioned,1.04,0.32
16,folk.app/articles/best-crms-software-for-startups,Other,Not Mentioned,0.97,0.11
17,salesforce.com/crm/startup-crm/,Competition,Not Mentioned,0.94,0.54
18,startup.unitelvoice.com/simple-crm-systems,Other,Not Mentioned,0.92,0.8
19,hubspot.com/products/crm,Competition,Not Mentioned,0.9,0.31
20,monday.com/blog/crm-and-sales/crm-for-small-business/,Other,Not Mentioned,0.9,0.53
21,emailtooltester.com/en/best-crm-for-small-business/,Earned Media,Not Mentioned,0.89,-0.05
22,adamenfroy.com/crm-software,Earned Media,Not Mentioned,0.88,0.88
23,techradar.com/best/best-crm-for-small-business,Earned Media,Not Mentioned,0.87,-0.12
24,clarify.ai/blog/crms-for-startup-founders,Competition,Mentioned,0.85,-0.71
25,zapier.com/blog/best-crms-for-small-business/,Other,Not Mentioned,0.84,0.04
26,techradar.com/reviews/freshworks-review,Earned Media,Not Mentioned,0.83,-0.05
27,pcmag.com/picks/the-best-crm-software,Earned Media,Not Mentioned,0.77,-0.3
28,techradar.com/best/the-best-crm-software,Earned Media,Not Mentioned,0.76,0.47
29,crm.org/crmland/best-crm-software,Other,Not Mentioned,0.76,0.61
30,bigcontacts.com/blog/crm-for-startups/,Other,Not Mentioned,0.71,0.18
31,toolradar.com/guides/best-crm-for-startups,Social,Not Mentioned,0.7,0.28
32,instantly.ai/blog/best-crm-for-startups/,Other,Not Mentioned,0.65,-0.06
33,youtube.com/watch?v=GCMdLB82FXg,Social,Not Mentioned,0.62,-0.04
34,teamgate.com/blog/4-best-crm-for-startups/,Other,Not Mentioned,0.62,0.4
35,clarify.ai/blog/top-7-low-cost-crms-every-founder-should-evaluate-in-2025,Competition,Mentioned,0.62,-0.01
36,routine-automation.com/blog/best-crm-for-small-business/,Other,Not Mentioned,0.61,-0.09
37,youtube.com/watch?v=RIRyuq-AKOU,Social,Not Mentioned,0.6,-0.22
38,youtube.com/watch?v=UkY6lWoQqjE,Social,Not Mentioned,0.57,0.19
39,blog.hubspot.com/sales/startup-crm,Competition,Not Mentioned,0.57,0.03
40,close.com/blog/crms-for-startups,Other,Not Mentioned,0.56,-0.02
41,fayedigital.com/blog/best-crm-for-small-business/,Other,Not Mentioned,0.56,0.13
42,innowise.com/blog/best-crm-for-small-business/,Other,Not Mentioned,0.54,-0.14
43,zendesk.com/in/sell/crm/startups/,Other,Not Mentioned,0.54,0.44
44,crmsreviewed.com/the-10-best-crms-for-startups-in-2025/,Earned Media,Not Mentioned,0.53,-0.37
45,clearout.io/blog/crm-software-tools/,Other,Not Mentioned,0.53,0.53
46,etsy.com/listing/1553553813/salesmate-notion-sales-management-crm?gpla=1&gao=1,Other,Not Mentioned,0.53,0.25
47,folk.app/articles/best-crm-for-entrepreneurs,Other,Not Mentioned,0.5,-0.25
48,tech.co/crm-software/best-crm-startups,Earned Media,Not Mentioned,0.48,0.13
49,toolpilot.dev/blog/best-crm-software-2026/,Earned Media,Not Mentioned,0.47,0.47
50,onepagecrm.com/,Other,Not Mentioned,0.47,0.25
51,techradar.com/reviews/pipedrive-crm-review,Earned Media,Not Mentioned,0.47,-0.2
52,bigcontacts.com/blog/best-crm-for-small-business/,Other,Not Mentioned,0.45,-0.03
53,clickup.com/features/crm/startup-founders,Other,Not Mentioned,0.44,-0.18
54,forbes.com/advisor/business/software/best-simple-crm/,Earned Media,Not Mentioned,0.42,0.15
55,mogulnetworking.com/startup-founders,Other,Not Mentioned,0.42,0.13
56,salesforce.com/blog/top-free-crms-for-startups/,Competition,Not Mentioned,0.41,-0.1
57,reddit.com/r/SaaS/comments/1rcewlg/hubspot_pipedrive_zoho_why_do_crms_still_feel/,Social,Not Mentioned,0.41,0.03
58,forbes.com/advisor/personal-finance/best-crm-small-business/,Earned Media,Not Mentioned,0.41,0.25
59,digitalocean.com/resources/articles/best-crm-tools,Other,Not Mentioned,0.41,0.15
60,podium.com/article/best-crm-for-startups,Other,Not Mentioned,0.41,-0.36
61,technologyadvice.com/blog/crm/easiest-crm-to-use/,Earned Media,Not Mentioned,0.39,-0.05
62,stackfix.com/best/best-crm-for-founder-led-sales-teams,Other,Not Mentioned,0.36,0.03
63,vibegrowthstack.io/blog/best-crm-for-startups,Other,Not Mentioned,0.36,-1.01
64,reddit.com/r/Brief_Reviews/comments/1iotvkv/best_crm_tools_for_startups_in_2025_a/,Social,Not Mentioned,0.36,-0.06
65,fitsmallbusiness.com/best-simple-crm/,Earned Media,Not Mentioned,0.35,0.07
66,shawngraham.me/blog/affordable-crm-solutions-for-small-business,Other,Not Mentioned,0.32,-0.1
67,zendesk.co.uk/sell/crm/small-business/,Other,Not Mentioned,0.32,0.1
68,monday.com/blog/crm-and-sales/simple-crm/,Other,Not Mentioned,0.31,0.23
69,salesforce.com/blog/best-free-crms-for-startups/,Competition,Not Mentioned,0.31,0.09
70,en.wikipedia.org/wiki/Streak_%28company%29,Institution,Not Mentioned,0.31,-0.02
71,pipermind.com/blog/best-crms-for-startups-2026/,Other,Not Mentioned,0.31,-0.08
72,vcbacked.co/blog/best-crm-for-startup-sales-2026,Other,Not Mentioned,0.31,0.31
73,makersfuel.com/blog/sales/best-crm-tools-for-first-time-founders-that-won-t-break-the-bank,Other,Not Mentioned,0.31,0.08
74,reddit.com/r/BrightestHR/comments/1inmy8s/best_cloudbased_crms_for_new_businesses/,Social,Not Mentioned,0.29,0.06
75,pipedrive.com/en/blog/crm-for-startups,Competition,Not Mentioned,0.29,-0.19
76,onepagecrm.com/crm-solution/fundraising-crm/,Other,Not Mentioned,0.28,0.06
77,teamgate.com/blog/best-crm-for-small-business/,Other,Not Mentioned,0.28,0.16
78,streak.com/industries/startup-founders,Other,Not Mentioned,0.28,0.05
79,gritt.io/blog/best-crm-for-fundraising,Other,Not Mentioned,0.27,-0.05
80,nutshell.com/blog/best-affordable-crm,Other,Not Mentioned,0.27,-0.05
81,crowdspring.com/blog/best-crm-small-business/,Other,Not Mentioned,0.26,-0.25
82,fueler.io/blog/best-crm-tools-for-us-founders-and-agencies,Other,Not Mentioned,0.26,-0.08
83,techradar.com/best/best-client-management-software-of-year,Earned Media,Not Mentioned,0.26,0.26
84,zapier.com/blog/best-crm-app/,Other,Not Mentioned,0.26,-0.29
85,onepagecrm.com/blog/best-affordable-crms/,Other,Not Mentioned,0.26,0.26
86,youtube.com/watch?v=jtT5EHUaAsM,Social,Not Mentioned,0.25,0.19
87,youtube.com/watch?v=REcfDpvUreg,Social,Not Mentioned,0.25,-0.15
88,sbdc.uh.edu/sbdc/small-business-crm.asp,Institution,Not Mentioned,0.25,0.13
89,pipedrive.com/en/industries/crm-solutions-for-small-business,Competition,Not Mentioned,0.23,0.2
90,withallo.com/blog/best-crms-for-startups,Other,Not Mentioned,0.23,-0.08
91,crm.org/crmland/best-crm-for-small-business,Other,Not Mentioned,0.23,-0.2
92,youtube.com/watch?v=lNnwqPERTc8,Social,Not Mentioned,0.23,0
93,staxpayments.com/blog/best-crm-for-small-business/,Other,Not Mentioned,0.23,0
94,reddit.com/r/mondaydotcom/comments/15nmrti/the_best_crm_software_for_small_businesses_in_2023/,Social,Not Mentioned,0.23,0
95,clarify.ai/blog/the-5-best-crms-for-founder-led-sales-in-2025,Competition,Not Mentioned,0.23,0
96,nethunt.com/blog/the-best-crms-for-small-business/,Other,Not Mentioned,0.23,0
97,tech.co/crm-software/simplest-crm-systems,Earned Media,Not Mentioned,0.23,0
98,reddit.com/r/CRM/comments/1k0vjbz/best_crm_for_founder_led_sales_does_apollo/,Social,Not Mentioned,0.23,-0.19
99,hubspot.com/comparisons/best-crm,Competition,Not Mentioned,0.23,0
100,reelunlimited.com/blog/crm-for-startups/,Other,Not Mentioned,0.23,0.03
101,founderuniversity.substack.com/p/a-tight-crm-is-your-secret-weapon,Social,Not Mentioned,0.23,0
102,softwareadvice.com/crm/startup-comparison/,Other,Not Mentioned,0.23,0
103,youtube.com/watch?v=0p92peQETVk,Social,Not Mentioned,0.23,-0.12
104,zendesk.com/sell/crm/small-business/,Other,Not Mentioned,0.23,0.1
105,reddit.com/r/CRM/comments/1mpucpt/whats_a_good_simple_crm_for_a_startup_thats_just/,Social,Not Mentioned,0.22,-0.3
106,ventureharbour.com/best-free-or-cheap-crm-platforms/,Other,Not Mentioned,0.22,0.07
107,addtocrm.com/tools/crm-tools-for-startups,Other,Not Mentioned,0.22,-1.1
108,nimble.com/blog/top-crms-for-small-business-owners/,Other,Not Mentioned,0.22,0
109,expertmarket.com/crm/best-crm-systems-for-small-businesses,Earned Media,Not Mentioned,0.21,-0.11
110,visible.vc/blog/best-crm-for-fundraising/,Other,Not Mentioned,0.21,0.15
111,techradar.com/reviews/insightly-crm-review,Earned Media,Not Mentioned,0.21,0.21
112,bigin.com/small-business-express/top-CRMs-of-2026-for-small-businesses.html,Other,Not Mentioned,0.21,0.07
113,reddit.com/r/CRM/comments/1prfdyl/what_is_the_best_crm_software_for_2026/,Social,Not Mentioned,0.21,0.15
114,bestcrmix.com/comparison/top-crm-systems-for-startups-entrepreneurs/,Earned Media,Not Mentioned,0.21,0.15
115,reddit.com/r/BusinessVault/comments/1obio2z,Social,Not Mentioned,0.21,-0.18
116,act.com/blog/what-is-the-best-crm-for-startup-businesses/,Other,Not Mentioned,0.2,0.1
117,freshworks.com/crm/startups/,Other,Not Mentioned,0.2,0.17
118,nfx.com/post/signal-to-fix-fundraising,Other,Not Mentioned,0.2,0.17
119,jivochat.com/blog/tools/best-crm-for-startups.html,Other,Not Mentioned,0.19,-0.03
120,reddit.com/r/Entrepreneur/comments/xbxzzd/entrepreneurs_using_crms_how_helpful_is_your_crm/,Social,Not Mentioned,0.19,0.06
121,openvc.app/CRM,Other,Not Mentioned,0.19,-0.08
122,salesforce.com/ap/blog/best-free-crms-for-startups/,Competition,Not Mentioned,0.19,0.06
123,salesforce.com/crm/crm-for-small-business/,Competition,Not Mentioned,0.18,0.18
124,waveup.com/blog/5-best-crms-for-startups-in-2025/,Other,Not Mentioned,0.18,0.03
125,etsy.com/listing/4298729914/ultimate-crm-excel-template-customer?gpla=1&gao=1,Other,Not Mentioned,0.18,0.18
126,engagebay.com/blog/best-crm-for-startups/,Other,Not Mentioned,0.18,0.03
127,appvizer.com/magazine/customer/client-relationship-mgt/crm-startup,Earned Media,Not Mentioned,0.18,-0.25
128,investglass.com/crm-software-list-30-leading-platforms-in-2026-and-how-to-choose-the-right-one/,Other,Not Mentioned,0.18,0.18
129,etsy.com/listing/4428044616/simple-business-crm-system-customer?gpla=1&gao=1,Other,Not Mentioned,0.18,0.18
130,antus.de/products/zoho-umfassende-business-software-suite-crm-e-mail-projektmanagement-mehr?variant=52334273724748&_gsid=VrgMrEK4wRmE,Other,Not Mentioned,0.18,0.18
131,capterra.com/customer-relationship-management-software/,Social,Not Mentioned,0.18,0.18
132,toolpilot.ai/products/freshsales?variant=46494617174294&_gsid=1oR9roks2NnK,Earned Media,Not Mentioned,0.18,0.18
133,authencio.com/blog/6-best-crms-for-startups-in-ranked-reviewed,Earned Media,Not Mentioned,0.18,0.03
134,etsy.com/listing/1696540479/crm-professional-turbocharge-your?gpla=1&gao=1,Other,Not Mentioned,0.18,0.03
135,topaicatalog.com/products/hubspot?variant=49889245856079&_gsid=uDyFdfYHidji,Earned Media,Not Mentioned,0.18,0.18
136,cloudtalk.io/blog/best-crm-software-for-small-businesses/,Other,Not Mentioned,0.18,-0.02
137,etsy.com/listing/4376474757/contact-management-system-a-minimalist?gpla=1&gao=1,Other,Not Mentioned,0.18,0.18
138,worldofbooks.com/products/salesforce-essentials-for-administrators-book-mohith-shrivastava-9781784398071?sku=NIN9781784398071,Other,Not Mentioned,0.18,0.18
139,dealfuel.com/seller/saleswizard-sales-crm-software/,Earned Media,Not Mentioned,0.18,-0.11
140,shop.photoboothint.com/products/blackfriday-1-year-lead-fuel-crm-special?variant=43099099693130&_gsid=YrS67UGNVwMH,Other,Not Mentioned,0.18,0.18
141,etsy.com/listing/4439585975/excel-based-pipeline-tracker-small?gpla=1&gao=1,Other,Not Mentioned,0.18,0.18
142,etsy.com/listing/4339005729/notion-crm-template-small-business?gpla=1&gao=1,Other,Not Mentioned,0.18,0.18
143,toolpilot.ai/products/monday-com?variant=47046765281558&_gsid=sxjbXNoJhZPr,Earned Media,Not Mentioned,0.18,0.18
144,toolpilot.ai/products/pipedrive?variant=46869472477462&_gsid=SpyVPPMWFhFP,Earned Media,Not Mentioned,0.18,0.18
145,techjockey.com/detail/monday-sales-crm,Other,Not Mentioned,0.18,0.18
146,shop.founderacquisition.com/products/founder-acquisition-pro-all-in-one-marketing-platform?variant=48051594657947&_gsid=6A92trTw47ih,Other,Not Mentioned,0.18,0.18
147,stacksocial.com/sales/convergehub-sales-crm-enterprise-plan-lifetime-subscription,Other,Not Mentioned,0.18,0.03
148,etsy.com/listing/4457932934/small-business-crm-spreadsheet-template?gpla=1&gao=1,Other,Not Mentioned,0.18,0.18
149,stacksocial.com/sales/convergehub-sales-crm-premium-plan-lifetime-subscription,Other,Not Mentioned,0.18,0.03
150,onepagecrm.com/blog/best-crm-tools/,Other,Not Mentioned,0.18,-0.3
151,folk.app/articles/best-crm-startups-free,Other,Not Mentioned,0.17,0.01
152,smith.ai/blog/the-top-10-crms-for-small-businesses-solopreneurs-on-a-budget-free-and-cheap-solutions-for-customer-relationship-management-without-compromise,Other,Not Mentioned,0.17,0.11
153,youtube.com/watch?v=tuv8Uqy7skA,Social,Not Mentioned,0.17,0.08
154,zoho.com/crm/small-business-crm-software/,Other,Not Mentioned,0.17,-0.05
155,reddit.com/r/Entrepreneur/comments/113auqm/crms_that_dont_cost_a_kidney/,Social,Not Mentioned,0.16,0
156,broadly.com/blog/crm-for-small-business/,Other,Not Mentioned,0.16,-0.03
157,zendesk.co.uk/sell/crm/startups/,Other,Not Mentioned,0.16,-0.26
158,smallbusinesshq.co/best-crm-for-startups/,Earned Media,Not Mentioned,0.16,0.03
159,reddit.com/r/smallbusiness/comments/1r71vm8/honestly_what_is_the_best_crm_for_small_business/,Social,Not Mentioned,0.16,-0.07
160,en.wikipedia.org/wiki/Dolibarr,Institution,Not Mentioned,0.16,0.1
161,ten-stack.com/2025/11/04/top-10-small-business-crm-software-for-2026/,Earned Media,Not Mentioned,0.16,-0.59
162,bestcrmforstartups.com/,Other,Not Mentioned,0.16,0.01
163,adratechsystems.com/en/resources/best-crm-small-business-2026,Other,Not Mentioned,0.16,0.05
164,techradar.com/reviews/freshsales-crm-review,Earned Media,Not Mentioned,0.16,0.1
165,reddit.com/r/GrowthHacking/comments/1r2kiwa/best_crm_tools_for_a_small_bootstrap_startup/,Social,Not Mentioned,0.16,0.16
166,iknowplus.com/10-best-crm-for-small-business-2026/,Earned Media,Not Mentioned,0.16,-0.18
167,leader.net/2026/02/01/best-crm-for-small-business-2026-comparison/,Other,Not Mentioned,0.16,0.16
168,techradar.com/pro/software-services/less-annoying-crm-review,Earned Media,Not Mentioned,0.16,-0.07
169,clarify.ai/blog/the-best-crm-for-small-business-a-founders-guide-to-choosing-the-right-platform,Competition,Not Mentioned,0.14,-0.19
170,youtube.com/watch?v=Zq1kfwRWkmk,Social,Not Mentioned,0.14,-0.23
171,youtube.com/watch?v=-cTLzxdnmgw,Social,Not Mentioned,0.14,0.05
172,baserow.io/blog/best-crm-tools-for-startups,Other,Not Mentioned,0.14,0.02
173,notion.com/use-case/fundraising/a-fundraising-crm-for-startups-the-complete-notion-guide,Other,Not Mentioned,0.14,0.11
174,youtube.com/watch?v=8RS1s7yC4G4,Social,Not Mentioned,0.14,-0.08
175,youtube.com/watch?v=mVvZPIPz4Rg,Social,Not Mentioned,0.14,0.14
176,hubspot.com/products/crm/small-business,Competition,Not Mentioned,0.14,0.14
177,monday.com/blog/crm-and-sales/free-crm/,Other,Not Mentioned,0.13,0.1
178,nutshell.com/blog/best-crms-for-small-businesses,Other,Not Mentioned,0.13,-0.26
179,primeloop.co/blog/best-crm-software-for-startups,Other,Not Mentioned,0.13,0.1
180,jetpack.com/resources/best-crm-for-startups/,Other,Not Mentioned,0.11,0.11
181,quora.com/What-are-the-most-commonly-used-CRM-tools-by-startups-both-free-and-paid,Social,Not Mentioned,0.11,0.05
182,larksuite.com/en_us/blog/crm-for-startups,Other,Not Mentioned,0.11,0.05
183,youtube.com/shorts/9gceENY0jaQ,Social,Not Mentioned,0.11,0.11
184,ventureharbour.com/crm-software-small-business/,Other,Not Mentioned,0.11,0.08
185,reddit.com/r/u_Nimble_CRM/comments/1mo6ajl,Social,Not Mentioned,0.1,0.1
186,capsulecrm.com/blog/low-cost-CRM-for-small-business/,Other,Not Mentioned,0.1,0.1
187,launchtry.com/blog/best-crm-for-startups-saas-2026,Other,Not Mentioned,0.1,0.1
188,techradar.com/reviews/hubspot-crm-review,Earned Media,Not Mentioned,0.1,0.05
189,blog.coffee.ai/best-crm-small-businesses-2026/,Other,Not Mentioned,0.1,-0.12
190,uschamber.com/co/grow/customers/choosing-the-best-crm-software,Other,Not Mentioned,0.1,0.1
191,reddit.com/r/CRMSoftware/comments/1rlhjwo/good_crm_software_to_consider_in_2026/,Social,Not Mentioned,0.1,-0.17
192,reddit.com/r/Startup_Ideas/comments/1rolz6j/best_tools_for_startups_2026_our_full_stack_at_12/,Social,Not Mentioned,0.1,0.05
193,forbes.com/advisor/business/software/best-crm-software-zx1fa/,Earned Media,Not Mentioned,0.1,0.05
194,reddit.com/r/CRMSoftware/comments/1jgn7mg,Social,Not Mentioned,0.1,0.05
195,talkroute.com/best-crm-for-small-business-in-2026/,Other,Not Mentioned,0.1,0.07
196,zeeg.me/en/blog/post/best-crms-for-start-ups,Other,Not Mentioned,0.1,-0.06
197,techradar.com/reviews/zoho-crm-review,Earned Media,Not Mentioned,0.1,-0.06
198,morriscountyedc.org/10-best-crm-software-of-2025/,Institution,Not Mentioned,0.1,0.1
199,gain.io/blog/crm-platforms-for-new-startups,Other,Not Mentioned,0.1,0.07
200,gurussolutions.com/crm-comparison-chart,Other,Not Mentioned,0.1,0.1
201,biztechscout.com/en/article/best-crm-for-small-business-2026,Earned Media,Not Mentioned,0.1,0.1
202,sybill.ai/blogs/best-crm-software-for-small-business,Other,Not Mentioned,0.1,0.05
203,reddit.com/r/Sales_n_Stuff/comments/1r0eslk/what_is_the_best_crm_right_now_and_why/,Social,Not Mentioned,0.1,0.1
204,appeq.ai/use-cases/founders,Other,Not Mentioned,0.1,-0.13
205,linkedin.com/pulse/best-crm-software-startups-free-cheap-ajibola-busari-t3kaf,Social,Not Mentioned,0.1,0.1
206,reddit.com/r/CRM/comments/1bs0o65/crm_for_small_business/,Social,Not Mentioned,0.1,0.1
207,superoffice.com/blog/crm-instead-of-spreadsheets/,Other,Not Mentioned,0.08,0.08
208,yena.ai/blog/the-12-best-crm-software-for-startups-in-2025,Other,Not Mentioned,0.08,0.02
209,zdnet.com/article/best-small-business-crm-software/,Earned Media,Not Mentioned,0.08,-0.31
210,jotform.com/blog/crm-for-small-businesses/,Other,Not Mentioned,0.08,-0.04
211,youtube.com/watch?v=7Lqe62U-Tfc,Social,Not Mentioned,0.08,-0.26
212,insidea.com/blog/hubspot/crm-for-construction-companies/,Other,Not Mentioned,0.08,0.08
213,fitsmallbusiness.com/best-personal-crm/,Earned Media,Not Mentioned,0.08,0.08
214,superoffice.com/blog/ditch-spreadsheets-for-crm/,Other,Not Mentioned,0.08,0.08
215,solutionsreview.com/crm/2026/01/05/best-crm-companies-to-know-about/,Earned Media,Not Mentioned,0.08,-0.18
216,youtube.com/watch?v=WxsFQpRRshc,Social,Not Mentioned,0.08,0.02
217,youtube.com/watch?v=wkTtcnYWoAM,Social,Not Mentioned,0.08,0.05
218,blog.salesflare.com/best-crm-for-startups?mc_eid=bdb5d8d29b,Other,Not Mentioned,0.08,-0.48
219,jetpack.com/resources/cheap-affordable-crm-software/,Other,Not Mentioned,0.08,0.08
220,invoice.2go.com/learn/customer-retention/crm-for-small-business/,Social,Not Mentioned,0.08,0.08
221,onepagecrm.com/crm-reviews/,Other,Not Mentioned,0.08,0.08
222,maximizer.com/blog/best-simple-crm-software/,Other,Not Mentioned,0.08,-0.01
223,reddit.com/r/CRMSoftware/comments/1kwu7er/best_crm_software_for_small_businesses_currently/,Social,Not Mentioned,0.08,0.05
224,zendesk.com/sell/crm/simple/,Other,Not Mentioned,0.08,0.02
225,forecom-solutions.com/en/blog/comparison-of-the-most-popular-crms,Other,Not Mentioned,0.06,0.03
226,fitsmallbusiness.com/best-crm-for-startups/,Earned Media,Not Mentioned,0.06,0.06
227,startups.co.uk/crm-software/best-crm-for-small-business-uk/,Earned Media,Not Mentioned,0.06,0.03
228,blog.salesflare.com/best-simple-crm,Other,Not Mentioned,0.06,-0.01
229,lindy.ai/blog/best-crm-software-small-business,Other,Not Mentioned,0.06,-0.47
230,cxtoday.com/crm/the-best-crm-for-small-businesses-the-ultimate-guide/,Earned Media,Not Mentioned,0.06,-0.01
231,zdnet.com/article/best-crm-software/,Earned Media,Not Mentioned,0.06,0.06
232,zoflowx.com/blogs/best-crm-for-startups,Other,Not Mentioned,0.06,-0.19
233,pitchwise.se/blog/crm-for-fundraising,Other,Not Mentioned,0.06,0.06
234,youtube.com/watch?v=qAwlJrX-4ww,Social,Not Mentioned,0.06,-0.04
235,crmjio.com/blog-page/best-crm-programs-for-small-business-in-2026,Other,Not Mentioned,0.06,0.06
236,nethunt.com/blog/best-simple-crm-solutions/,Other,Not Mentioned,0.06,0.03
237,nutshell.com/blog/best-simple-crms,Other,Not Mentioned,0.06,-0.08
238,medium.com/@nathanbeckord/advanced-tips-tactics-and-strategies-for-startups-raising-angel-or-venture-capital-76eb7cb7501e,Social,Not Mentioned,0.06,0.06
239,assetmule.ai/blog/sales-tool-recommendations-for-founder-led-selling,Other,Not Mentioned,0.06,0.06
240,leadloft.com/blog/best-crm-for-startup-fundraising,Other,Not Mentioned,0.06,-0.01
241,reddit.com/r/CRMSoftware/comments/1jgn7mg/how_to_choose_the_best_crm_software_for_startups/,Social,Not Mentioned,0.06,-0.07
242,monday.com/blog/crm-and-sales/crm-software/,Other,Not Mentioned,0.06,-0.06
243,supportbench.com/top-crm-tools-for-small-businesses/,Other,Not Mentioned,0.06,0.03
244,reddit.com/r/startups/comments/1r2khw4/i_will_not_promote_best_crm_tools_for_a_small/,Social,Not Mentioned,0.06,0
245,xero.com/us/guides/crm-for-small-business/,Other,Not Mentioned,0.06,-0.03
246,scoro.com/blog/crm-tools-for-consulting/,Other,Not Mentioned,0.06,0.06
247,ringcentral.com/us/en/blog/best-crm-for-small-business/,Other,Not Mentioned,0.06,0.06
248,reddit.com/r/CRM/comments/1pdbeqn/what_is_the_best_crm_for_a_single_entrepreneur/,Social,Not Mentioned,0.05,0.05
249,reddit.com/r/Entrepreneur/comments/1okknos/what_crm_do_small_business_owners_actually_use/,Social,Not Mentioned,0.05,0.02
250,omr.com/en/reviews/category/crm/enterprise-market-segment,Earned Media,Not Mentioned,0.05,0.05
251,crmexpertshub.com/best-crm-tools-for-startups/,Other,Not Mentioned,0.05,0.05
252,forbes.com/advisor/uk/business/software/best-crm-small-business/,Earned Media,Not Mentioned,0.05,0.05
253,startupsavant.com/service-reviews/netsuite-vs-salesforce,Earned Media,Not Mentioned,0.05,0.05
254,capsulecrm.com/blog/best-crm-for-startups/,Other,Not Mentioned,0.05,-0.15
255,expertmarket.com/crm/best-cheap-crm-systems,Earned Media,Not Mentioned,0.05,0.05
256,smartxcrm.com/10-free-or-low-cost-crm-tools-for-small-businesses-transform-your-customer-management-without-breaking-the-bank/,Other,Not Mentioned,0.05,0.05
257,brandorai.com/blogs/news/best-crm-software-2025-comparison,Other,Not Mentioned,0.05,0
258,forbes.com/advisor/business/software/hubspot-vs-zoho/,Earned Media,Not Mentioned,0.05,0.05
259,reddit.com/r/CRM/comments/1e5141p/best_and_inexpensive_crm_for_small_business/,Social,Not Mentioned,0.05,0.02
260,expertmarket.com/crm/best-crm-software,Earned Media,Not Mentioned,0.05,0.05
261,rocketmvp.io/best-startup-tools/crm-tools,Other,Not Mentioned,0.05,-0.22
262,elevatiq.com/post/zoho-crm-vs-pipedrive/,Other,Not Mentioned,0.05,0.05
263,monday.com/blog/crm-and-sales/affordable-crm-options-for-small-businesses/,Other,Not Mentioned,0.05,0
264,creatio.com/glossary/crm-software,Other,Not Mentioned,0.05,0.05
265,rtdynamic.com/blog/top-free-low-cost-crms-for-pre-seed-startups/,Other,Not Mentioned,0.05,-0.03
266,softr.io/create/crm-for-startups,Other,Not Mentioned,0.05,0.05
267,reddit.com/r/CRM/comments/1ne8y3d/zoho_vs_hubspot_vs_salesforce/,Social,Not Mentioned,0.05,0.05
268,efficient.app/best/crm,Other,Not Mentioned,0.05,0.05
269,pipedrive.com/en/blog/crm-tool,Competition,Not Mentioned,0.05,-0.06
270,b2breviews.com/crm-software/,Earned Media,Not Mentioned,0.05,0.05
271,reddit.com/r/CRM/comments/1ptbxa2/whats_a_decent_simple_crm_for_a_startup_thats/,Social,Not Mentioned,0.05,0
272,reddit.com/r/CRM/comments/1s28ga6/whats_the_best_crm_for_2026_with_ai_and/,Social,Not Mentioned,0.05,0.05
273,datastackguide.com/best/best-crm-for-startups/,Earned Media,Not Mentioned,0.05,-0.22
274,salesforce.com/crm/best-crm/,Competition,Not Mentioned,0.05,0.05
275,nethunt.com/crm-for-startups,Other,Not Mentioned,0.05,0.05
276,en.wikipedia.org/wiki/Pipedrive,Institution,Not Mentioned,0.05,0.05
277,pipedrive.com/en/crm-comparison,Competition,Not Mentioned,0.05,0.05
278,zyner.io/blog/best-invester-crm-for-founders,Other,Not Mentioned,0.05,0.05
279,tech.yahoo.com/business/articles/best-crm-software-2026-162739551.html/,Earned Media,Not Mentioned,0.05,-0.06
280,nimble.com/blog/top-features-to-consider-when-buying-a-crm-for-your-startup/,Other,Not Mentioned,0.05,0.05
281,blog.toysbazar.in/best-crm-tools-for-small-businesses-in-2025/,Other,Not Mentioned,0.05,0.05
282,stackedcrm.com/blog/easy-crms,Earned Media,Not Mentioned,0.05,-0.17
283,zoho.com/crm/verticals/startups.html,Other,Not Mentioned,0.05,-0.03
284,techradar.com/reviews/bitrix24-crm-review,Earned Media,Not Mentioned,0.05,0.05
285,techradar.com/reviews/capsule-crm-review,Earned Media,Not Mentioned,0.05,-0.06
286,kellylynnecoaching.com/top-4-crms-for-entrepreneurs,Other,Not Mentioned,0.05,0.02
287,consumersadvocate.org/crm-software,Earned Media,Not Mentioned,0.05,0.05
288,breakcold.com/blog/crm-for-bootstrapped-startups,Other,Not Mentioned,0.05,0.05
289,reddit.com/r/CRMSoftware/comments/1rz38zh/are_smaller_teams_better_off_with_simpler_crms/,Social,Not Mentioned,0.05,0.05
290,reddit.com/r/SaaS/comments/1mc4i1i,Social,Not Mentioned,0.05,0.05
291,onepagecrm.com/blog/best-small-business-crms/,Other,Not Mentioned,0.05,-0.07
292,saleshousestack.com/comparisons/pipedrive-hubspot-salesforce,Other,Not Mentioned,0.05,0.05
293,reddit.com/r/Entrepreneur/comments/1r7vo0s/best_crm_for_small_businesses_honest_opinions_and/,Social,Not Mentioned,0.05,0.02
294,blog.hubspot.com/sales/all-in-one-crm,Competition,Not Mentioned,0.05,0
295,reddit.com/r/CRM/comments/1olfzro,Social,Not Mentioned,0.05,0.05
296,reddit.com/r/CRM/comments/1r257q6/best_affordable_crm_leadmarketing_tools_for_small/,Social,Not Mentioned,0.05,0
297,microsoft.com/en-us/dynamics-365/resources/crm-software-for-small-business,Other,Not Mentioned,0.05,0.05
298,tech.co/crm-software/best-crm-software-small-business,Earned Media,Not Mentioned,0.05,0
299,monsterinsights.com/which-is-the-best-crm-for-small-business/,Other,Not Mentioned,0.05,0.05
300,reddit.com/r/ycombinator/comments/1ai0t0g/best_crm_at_preseed/,Social,Not Mentioned,0.05,0.05
301,doindigital.com/best-crm-software-for-small-business-2025/,Earned Media,Not Mentioned,0.05,0.05
302,reddit.com/r/smallbusinessowner/comments/1pyb7vx/whats_the_best_crm_for_a_small_business_looking/,Social,Not Mentioned,0.05,0.05
303,insightly.com/blog/best-crm-for-software-companies/,Other,Not Mentioned,0.05,0.02
304,lessannoyingcrm.com/affordable-crm,Other,Not Mentioned,0.05,0.05
305,pitch.pe/10-best-crm-software-for-entrepreneurs-to-grow-their-business/,Earned Media,Not Mentioned,0.05,0.05
306,reddit.com/r/CRMSoftware/comments/1rjphsk/looking_for_crm_tools_for_a_small_bootstrapped/,Social,Not Mentioned,0.05,-0.09
307,en.wikipedia.org/wiki/Capsule_%28CRM%29,Institution,Not Mentioned,0.05,0.05
308,heyorange.co/blog-posts/hubspot-vs-salesforce-which-crm-fits-smbs-best-in-2026,Other,Not Mentioned,0.05,0.05
309,costbench.com/software/crm,Other,Not Mentioned,0.05,-0.11
310,sales.foundershistoryclub.com/affordable-crm-software-startups/,Earned Media,Not Mentioned,0.05,-0.56
311,bestcrmforconsultants.com/best-crm-software-for-small-businesses/,Earned Media,Not Mentioned,0.05,0.05
312,en.wikipedia.org/wiki/Insightly,Institution,Not Mentioned,0.05,0.05
313,nutshell.com/blog/easy-to-use-crms,Other,Not Mentioned,0.05,0.05
314,reddit.com/r/CRMSoftware/comments/1rcl4iq/every_crm_is_built_for_small_business_but_none_of/,Social,Not Mentioned,0.05,0.05
315,saascrmreview.com/best-crm-for-startups/,Earned Media,Not Mentioned,0.05,0
316,flowii.com/en/blog/crm-software-price-comparison/,Other,Not Mentioned,0.05,0.05
317,sales-leads-crm.com/blog/best-crm-software-for-small-businesses-features-pricing-and-reviews/,Earned Media,Not Mentioned,0.05,-0.11
318,purshology.com/2026/02/hubspot-vs-salesforce-best-crm-for-startups-in-2026/,Other,Not Mentioned,0.05,0.05
319,medium.com/%40jefferySEO/the-9-best-crms-for-startups-in-2025-ranked-by-stage-true-cost-57fffa3d8d1d,Social,Not Mentioned,0.05,0.05
320,saasly.online/10-best-crm-software-for-startups-2025/,Other,Not Mentioned,0.05,-0.22
321,crm.fpresumes.com/affordable-crm-software-startups/,Earned Media,Not Mentioned,0.05,0.05
322,linkedin.com/pulse/top-10-crm-systems-small-businesses-tested-2026-suryanshu-pathak-u1mvc,Social,Not Mentioned,0.05,-0.23
323,brevo.com/blog/crm-software-for-small-business/,Other,Not Mentioned,0.03,0.03
324,mailchimp.com/resources/best-crm-for-small-business/,Other,Not Mentioned,0.03,0.03
325,salesmate.io/blog/crm-for-small-business/,Other,Not Mentioned,0.03,0.03
326,reddit.com/r/DigitalMarketing/comments/z8t8w1/what_is_the_best_affordable_crm_to_use_for_a/,Social,Not Mentioned,0.03,-0.1
327,klipy.ai/blog/top-crm-platforms-2025/best-crm-for-startups,Other,Not Mentioned,0.03,0.03
328,hugoinc.com/resources/top-crm-options-for-startups-guide/,Other,Not Mentioned,0.03,-0.03
329,blog.hubspot.com/sales/real-estate-crm,Competition,Not Mentioned,0.03,0.03
330,salesmate.io/blog/best-crm-for-startups/,Other,Not Mentioned,0.03,0.03
331,zoho.com/crm/free-crm.html,Other,Not Mentioned,0.03,0.03
332,startups.co.uk/crm-software/best-free-crm-software/,Earned Media,Not Mentioned,0.03,0.03
333,nethunt.com/blog/choosing-the-best-crm-system-for-startup-a-comprehensive-guide/,Other,Not Mentioned,0.03,0.03
334,larksuite.com/en_us/blog/best-crm,Other,Not Mentioned,0.03,-0.03
335,salesforce.com/crm/worlds-number-one-crm/,Competition,Not Mentioned,0.03,0.03
336,croclub.com/tools/streak-review/,Earned Media,Not Mentioned,0.03,0.03
337,ringcentral.com/us/en/blog/crms-for-startups/,Other,Not Mentioned,0.03,0.03
338,planetweb.ng/crm-for-nigerian-businesses/,Other,Not Mentioned,0.03,0.03
339,zapier.com/blog/best-free-crm/,Other,Mentioned,0.03,0.03
340,offer.lp-crm.biz/rating-crm/en/rating-crm-dlya-startapiv-i-faunderiv/,Other,Not Mentioned,0.03,-0.07
341,chapmanbright.com/resources/sales-use-cases/streamline-meeting-logs-in-your-crm-with-automation/,Other,Not Mentioned,0.03,0.03
342,onepagecrm.com/blog/best-crm-for-small-business/,Other,Not Mentioned,0.03,0.03
343,4degrees.ai/blog/venture-capital-crm-the-complete-guide,Other,Not Mentioned,0.03,0.03
344,axongarside.com/blog/best-crm-systems,Other,Not Mentioned,0.03,0.03
345,zenmedia.com/blog/b2b-crm-strategies-guide/,Other,Not Mentioned,0.03,0.03
346,cloudeagle.ai/blogs/10-best-crm-software-to-grow-your-small-business-in-2021,Other,Not Mentioned,0.03,0.03
347,techtarget.com/searchcustomerexperience/tip/Microsoft-Dynamics-365-vs-Salesforce-How-do-they-differ,Earned Media,Not Mentioned,0.03,0.03
348,nutshell.com/blog/best-crm-for-travel-agency,Other,Not Mentioned,0.03,0.03
349,armanino.com/articles/erp-crm-integration-key-benefits-how-to-get-started/,Other,Not Mentioned,0.03,0.03
350,text.com/blog/salesforce-alternatives/,Other,Not Mentioned,0.03,0.03
351,viasocket.com/discovery/blog/cth8cq/sales-and-crm/top-crm-tools-to-supercharge-startup-lead-generation,Other,Not Mentioned,0.03,0.03
352,lessannoyingcrm.com/,Other,Not Mentioned,0.03,-0.03
353,bigcontacts.com/blog/crm-pricing/,Other,Not Mentioned,0.03,0.03
354,folk.app/articles/best-crm-networking-professionals,Other,Not Mentioned,0.03,0.03
355,softwareadvice.com.au/directory/3235/startup/software,Earned Media,Not Mentioned,0.03,0.03
356,dialllog.co/best-crm-for-venture-capital,Other,Not Mentioned,0.03,0.03
357,startups.co.uk/crm-software/best-crm-for-healthcare-marketing/,Earned Media,Not Mentioned,0.03,0.03
358,commence.com/blog/2016/02/09/is-crm-software-big-scam/,Other,Not Mentioned,0.03,0.03
359,croclub.com/tools/best-zoho-crm-alternatives/,Earned Media,Not Mentioned,0.03,0.03
360,blog.sharpai.app/comparing-crm-software/,Other,Not Mentioned,0.03,0.03
361,monday.com/blog/crm-and-sales/sales-tracking-software/,Other,Not Mentioned,0.03,0.03
362,pipedrive.com/en/crm-comparison/pipedrive-vs-monday,Competition,Not Mentioned,0.03,0.03
363,business.com/categories/crm-software/,Earned Media,Not Mentioned,0.03,-0.03
364,syncmatters.com/blog/best-crm-for-sales,Other,Not Mentioned,0.03,0.03
365,ventureharbour.com/growth-marketing-software/,Other,Not Mentioned,0.03,0.03
366,inmotionhosting.com/blog/wordpress-crm-system/,Other,Not Mentioned,0.03,0.03
367,theciotimes.com/8-popular-free-crm-tools-for-small-business-owners/,Earned Media,Not Mentioned,0.03,-0.03
368,solutions.trustradius.com/buyer-blog/crm-pros-cons/,Social,Not Mentioned,0.03,0.03
369,getvoip.com/blog/crm-software-examples/,Earned Media,Not Mentioned,0.03,0.03
370,urdhva-tech.com/blogs,Other,Not Mentioned,0.03,0.03
371,sdsol.com/blog/crm-software-examples/,Other,Not Mentioned,0.03,-0.1
372,salesmate.io/blog/inside-sales-software/,Other,Not Mentioned,0.03,0.03
373,webfx.com/blog/marketing/best-crm-for-small-business/,Other,Not Mentioned,0.03,0.03
374,reddit.com/r/CRMSoftware/comments/1m5o4t0/best_beginnerfriendly_crm/,Social,Not Mentioned,0.03,-0.1
375,expertmarket.com/ca/crm/best-crm-for-customer-service,Earned Media,Not Mentioned,0.03,0.03
376,nutshell.com/blog/best-crm-for-coaches,Other,Not Mentioned,0.03,0.03
377,nikaconsulting.co.nz/best-crm-software-for-small-business/,Other,Not Mentioned,0.03,0.03
378,recruiterslineup.com/best-customer-relationship-management-software/,Other,Not Mentioned,0.03,0.03
379,evnedev.com/blog/development/crm-for-startup/,Other,Not Mentioned,0.03,0.03
380,softhealer.com/blog/articals-11/7-reasons-why-every-business-needs-a-crm-system-12667,Other,Not Mentioned,0.03,0.03
381,youtube.com/watch?v=YWaDmxayrIE,Social,Not Mentioned,0.03,0.03
382,fulminoussoftware.com/best-crm-software-for-startups,Other,Not Mentioned,0.03,0
383,enginy.ai/blog/pipelines-management-software,Other,Not Mentioned,0.03,0.03
384,marketerhire.com/blog/marketing-operations,Other,Not Mentioned,0.03,0.03
385,europeanbusinessmagazine.com/european-news/best-crm-software-for-european-businesses-2025/,Earned Media,Not Mentioned,0.03,0.03
386,rings.ai/blog/the-best-crms-for-venture-capital-firms,Other,Not Mentioned,0.03,0.03
387,capsulecrm.com/blog/best-crm-for-a-growing-tech-startup/,Other,Not Mentioned,0.03,-0.28
388,bigcontacts.com/blog/best-capsule-crm-alternatives/,Other,Not Mentioned,0.03,0.03
389,emarketingplatform.com/blog/customer-relationship-management-strategies-that-will-drive-your-business-forward/,Other,Not Mentioned,0.03,0.03
390,streak.com/post/best-crm-for-startups,Other,Not Mentioned,0.03,-0.06
391,youtube.com/watch?v=rLeqvO7-cDo,Social,Not Mentioned,0.03,0.03
392,maximizer.com/blog/best-crm-for-startups/,Other,Not Mentioned,0.03,0.03
393,keap-pro.com/best-crm-for-entrepreneurs/,Other,Not Mentioned,0.03,0.03
394,relab.co.nz/post/best-marketing-tools-for-real-estate-agents,Other,Not Mentioned,0.03,0.03
395,medium.com/@jefferySEO/best-crm-software-for-startups-in-2026-a-growth-operators-no-bs-guide-98f1c9fd2402,Social,Not Mentioned,0.03,0.03
396,anyleads.com/is-there-a-free-version-of-salesforce-crm,Other,Not Mentioned,0.03,0.03
397,solutionsreview.com/crm/2021/10/15/the-best-zoho-crm-tutorials-and-demos-to-watch-on-youtube/,Earned Media,Not Mentioned,0.03,0.03
398,reddit.com/r/CRMSoftware/comments/1rhtbds/new_to_crms_and_feeling_overwhelmed_what_crm_is/,Social,Not Mentioned,0.03,0.03
399,techrepublic.com/article/best-crm-startups/,Earned Media,Not Mentioned,0.03,-0.25
400,dynamicssquare.co.uk/blog/what-crm-software-is-best-for-small-startups/,Other,Not Mentioned,0.03,0.03
401,nutshell.com/blog/the-best-crm-for-insurance-agents,Other,Not Mentioned,0.03,0.03
402,xero.com/ca/guides/crm-for-small-business/,Other,Not Mentioned,0.03,0.03
403,thecmo.com/tools/best-brand-management-software/,Earned Media,Not Mentioned,0.03,0.03
404,nextiva.com/blog/customer-service-software-for-small-business.html,Other,Not Mentioned,0.03,0.03
405,capterra.com/p/76390/Infusionsoft/pricing/,Social,Not Mentioned,0.03,0.03
406,ringcentral.com/gb/en/blog/best-crm-software-for-small-businesses-and-startups/,Other,Not Mentioned,0.03,0.03
407,limble.com/learn/cmms/simple-affordable-cmms/,Other,Not Mentioned,0.03,0.03
408,apyhub.com/blog/essential-startup-tools,Other,Not Mentioned,0.03,0.03
409,capterra.in/directory/2/customer-relationship-management/software,Social,Not Mentioned,0.03,0.03
410,capsulecrm.com/industries/crm-for-wholesaleing/,Other,Not Mentioned,0.03,0.03
411,blog.serchen.com/cloud-based-crm-software/,Other,Not Mentioned,0.03,0.03
412,goiq.com/blog/7-must-know-features-of-the-best-crm-for-small-businesses-solutions/,Other,Not Mentioned,0.03,0.03
413,invesho.com/blog/top-crm-tools-startups,Other,Not Mentioned,0.03,0.03
414,salesmate.io/lead-management-software/,Other,Not Mentioned,0.03,0.03
415,rtdynamic.com/blog/affordable-crm-software-2026/,Other,Not Mentioned,0.03,-0.08
416,research.com/software/cheap-crm-software,Earned Media,Not Mentioned,0.03,0.03
417,4degrees.ai/blog/best-crm-for-deal-flow-what-to-look-for-and-top-options-for-private-market-teams,Other,Not Mentioned,0.03,0
418,damcogroup.com/blogs/salesforce-crm-implementation-challenges-and-steps-for-success,Other,Not Mentioned,0.03,0.03
419,hellobonsai.com/blog/crm-for-accountants,Other,Not Mentioned,0.03,0
420,citationbuilderpro.com/cbp-leads/,Other,Not Mentioned,0.03,0.03
421,investglass.com/top-5-best-crm-for-startups-in-2025-essential-tools-for-growth/,Other,Not Mentioned,0.03,0.03
422,youtube.com/shorts/hfFwbuIGwjs,Social,Not Mentioned,0.03,0.03
423,close.com/crm-for-startups,Other,Not Mentioned,0.03,0.03
424,folk.app/articles/best-crms-for-pre-seed-startups,Other,Not Mentioned,0.03,0.03
425,maximizer.com/blog/best-crm-for-insurance-brokers-in-canada/,Other,Not Mentioned,0.03,0.03
426,capsulecrm.com/blog/an-honest-guide-to-choosing-a-crm/,Other,Not Mentioned,0.03,0.03
427,legalgps.com/solo-attorney/legal-crm-software-for-small-law-firms,Other,Not Mentioned,0.03,0.03
428,insightly.com/,Other,Not Mentioned,0.03,0.03
429,banjaxed.com/salesforce-for-small-business/,Other,Not Mentioned,0.03,0.03
430,ascendix.com/blog/best-crm-for-ma/,Other,Not Mentioned,0.03,0.03
431,guideflow.com/blog/best-sales-analytics-software-tools,Other,Mentioned,0.03,0.03
432,thena.ai/post/10-best-lightweight-crm-platforms-for-modern-companies-in-2025,Other,Not Mentioned,0.03,0.03
433,bigcontacts.com/blog/what-is-saas-crm/,Other,Not Mentioned,0.03,0.03
434,zendesk.com/sell/crm/,Other,Not Mentioned,0.03,0.03
435,svitla.com/blog/what-is-a-crm-system-and-why-does-your-ecommerce-need-one/,Other,Not Mentioned,0.03,0.03
436,theknowledgeacademy.com/blog/crm-for-small-business/,Other,Not Mentioned,0.03,0
437,salescaptain.io/blog/linkedin-outreach-automation-tools,Other,Not Mentioned,0.03,0.03
438,crmsystems.net.au/why-zoho-crm/,Other,Not Mentioned,0.03,0.03
439,softr.io/blog/best-crm-software-for-small-business,Other,Not Mentioned,0.03,0
440,smartsuite.com/blog/project-management-tools-for-startups?338ea48f_page=8,Other,Not Mentioned,0.03,0.03
441,helloleads.io/blog/all/best-practices/why-does-your-start-up-need-a-crm/,Other,Not Mentioned,0.03,0.03
442,mopinion.com/best-crm-software-for-small-businesses-smb/,Other,Not Mentioned,0.03,0.03
443,fahimai.com/best-crm-software,Earned Media,Not Mentioned,0.03,0.03
444,affinity.co/guides/how-to-choose-the-best-crm-for-venture-capital,Other,Not Mentioned,0.03,0.03