url,priority,domain,company_name,site_type,contact_type,contact_form_url,author_name,author_url,linkedin_search_url,company_about_url,team_contacts,notes,category,mentioned,rank,share,share delta
https://techradar.com/best/the-best-crm-for-startups,4.77,techradar.com,TechRadar,Affiliate/Review,affiliate_form,https://www.techradar.com/news/about-us#section-affiliate-advertising-disclosure,Matt Moran,https://www.techradar.com/author/matt-moran,https://www.linkedin.com/search/results/people/?keywords=TechRadar+marketing+OR+partnerships+OR+digital,https://techradar.com/about,,Found affiliate/partner link: 'Here’s how it works',Earned Media,Not Mentioned,1,4.77,0.93
https://crm.org/crmland/best-crm-for-startups,3.94,crm.org,CRM.org,Affiliate/Review,affiliate_form,https://crm.org/crmland/sponsor-form,Kiera Abbamonte,https://crm.org/author/kiera-abbamonte,https://www.linkedin.com/search/results/people/?keywords=CRM.org+marketing+OR+partnerships+OR+digital,https://crm.org/about,"Privacy Policy (“Consider a future device… in which an individual stores all his/her books, records, and communications, and which is mechanized so that it may be consulted with exceeding speed and flexibility. It is an enlarged intimate supplement to his/her memory.”); Advertising Disclosure (“Consider a future device… in which an individual stores all his/her books, records, and communications, and which is mechanized so that it may be consulted with exceeding speed and flexibility. It is an enlarged intimate supplement to his/her memory.”)",Found affiliate/partner link: 'Sponsorship',Other,Not Mentioned,2,3.94,0.92
https://capsulecrm.com/blog/best-crm-for-founders/,3.48,capsulecrm.com,Capsulecrm,Vendor Blog,affiliate_form,https://capsulecrm.com/partner-program/,,,https://www.linkedin.com/search/results/people/?keywords=Capsulecrm+marketing+OR+partnerships+OR+digital,https://capsulecrm.com/about,Accept All (We use cookies to improve your experience and for marketing purposes. See our); Accept All (We use cookies to improve your experience and for marketing purposes. See our); Accept All (We use cookies to improve your experience and for marketing purposes. See our); Accept All (We use cookies to improve your experience and for marketing purposes. See our); Accept All (Marketing cookies),Found affiliate/partner link: 'Become a Partner',Other,Not Mentioned,3,3.48,2.25
https://reddit.com/r/CRM/comments/1ncf59q/whats_the_best_crm_for_an_early_stage/,2.79,reddit.com,Reddit,Social/Forum,affiliate_form,https://ads.reddit.com/,,,https://www.linkedin.com/search/results/people/?keywords=Reddit+marketing+OR+partnerships+OR+digital,,,"Reddit Ads platform. For organic placement, engage directly in subreddit. Could not scrape page (bot protection).",Social,Not Mentioned,4,2.79,0.87
https://boringbusinessnerd.com/post/best-crms-for-startups,2.47,boringbusinessnerd.com,Boringbusinessnerd,Affiliate/Review,affiliate_form,https://boringbusinessnerd.com#a-href=httpsaffiliatenotionsokm8mhdn9o4r5notiona,Home,https://boringbusinessnerd.com/,https://www.linkedin.com/search/results/people/?keywords=Boringbusinessnerd+marketing+OR+partnerships+OR+digital,https://boringbusinessnerd.com/about,,Found affiliate/partner link: '',Earned Media,Not Mentioned,5,2.47,0.17
https://forbes.com/advisor/business/software/best-crm-software/,2.22,forbes.com,Forbes,Publisher/Editorial,affiliate_form,https://www.forbes.com/connect/,,,https://www.linkedin.com/search/results/people/?keywords=Forbes+marketing+OR+partnerships+OR+digital,,,Forbes Connect is their branded content/partnerships platform. Could not scrape page (bot protection).,Earned Media,Not Mentioned,6,2.22,0.76
https://forbes.com/advisor/business/software/best-crm-small-business/,2.2,forbes.com,Forbes,Publisher/Editorial,affiliate_form,https://www.forbes.com/connect/,,,https://www.linkedin.com/search/results/people/?keywords=Forbes+marketing+OR+partnerships+OR+digital,,,Forbes Connect is their branded content/partnerships platform. Could not scrape page (bot protection).,Earned Media,Not Mentioned,7,2.2,0.09
https://uschamber.com/co/start/strategy/low-cost-crm-tools,2.06,uschamber.com,Uschamber,Industry/Trade Org,affiliate_form,https://www.uschamber.com/co/about-us/partner-with-us ,Jessica Elliott,,https://www.linkedin.com/search/results/people/?keywords=Uschamber+marketing+OR+partnerships+OR+digital,https://uschamber.com/about,"Site Map (The U.S. Chamber, unmatched in its advocacy efforts on the international stage, meets with top government officials from around the world to discuss investment, innovation, trade, and economic growth.); Learn More (Competitive, pro-growth tax policy is essential to grow the economy, raise wages for workers, and improve the standard of living for all Americans.); Contact Us (Marketing and Sponsorships); Contact Us (Marketing and Sponsorships); All Programs (Marketing and Sponsorships)",Found affiliate/partner link: 'Media Kit',Other,Not Mentioned,8,2.06,0.22
https://pcmag.com/picks/the-best-small-business-crm-software,2.04,pcmag.com,Pcmag,Affiliate/Review,direct_contact,,,,https://www.linkedin.com/search/results/people/?keywords=Pcmag+marketing+OR+partnerships+OR+digital,https://pcmag.com/about,About Ziff Davis (Advertising Content); Best Products (Advertising Content); Weekend Project (Advertising Content); Meal Kits (Sales & Marketing); Weekend Project (Advertising Content),No form found; manual outreach needed,Earned Media,Not Mentioned,9,2.04,0
https://blog.salesflare.com/best-crm-for-startups,1.71,blog.salesflare.com,,Vendor Blog,,,,,,,,Failed to fetch page,Other,Not Mentioned,10,1.71,-0.39
